{
    "name": "Ad Campaign Performance Alert",
    "nodes": [
      {
        "parameters": {
          "content": "## Ad Campaign Performance Alert",
          "height": 520,
          "width": 1100
        },
        "id": "b9d822c3-5472-4e62-ae22-da1dcc48da68",
        "name": "Sticky",
        "type": "n8n-nodes-base.stickyNote",
        "typeVersion": 1,
        "position": [
          -500,
          -250
        ]
      },
      {
        "parameters": {
          "httpMethod": "POST",
          "path": "ad_campaign_performance_alert"
        },
        "id": "6915be1a-2020-44fd-a1a9-03729618e0f4",
        "name": "Webhook",
        "type": "n8n-nodes-base.webhook",
        "typeVersion": 1,
        "position": [
          -300,
          0
        ]
      },
      {
        "parameters": {
          "chunkSize": 400,
          "chunkOverlap": 40
        },
        "id": "8fa9fd45-56ed-4335-9cd6-da422c296469",
        "name": "Splitter",
        "type": "@n8n/n8n-nodes-langchain.textSplitterCharacterTextSplitter",
        "typeVersion": 1,
        "position": [
          -100,
          0
        ]
      },
      {
        "parameters": {
          "model": "default"
        },
        "id": "61f0b264-c6da-4340-adb2-4b2dfbf79c25",
        "name": "Embeddings",
        "type": "@n8n/n8n-nodes-langchain.embeddingsCohere",
        "typeVersion": 1,
        "position": [
          100,
          0
        ],
        "credentials": {
          "cohereApi": {
            "id": "COHERE_API",
            "name": "Cohere"
          }
        }
      },
      {
        "parameters": {
          "mode": "insert",
          "indexName": "ad_campaign_performance_alert"
        },
        "id": "8d44d896-ea7a-4c50-b6fe-752f40708d99",
        "name": "Insert",
        "type": "@n8n/n8n-nodes-langchain.vectorStorePinecone",
        "typeVersion": 1,
        "position": [
          300,
          0
        ],
        "credentials": {
          "pineconeApi": {
            "id": "PINECONE_API",
            "name": "Pinecone account"
          }
        }
      },
      {
        "parameters": {
          "indexName": "ad_campaign_performance_alert"
        },
        "id": "a448c986-5c7d-419e-961b-a7a798325d9f",
        "name": "Query",
        "type": "@n8n/n8n-nodes-langchain.vectorStorePinecone",
        "typeVersion": 1,
        "position": [
          300,
          -180
        ],
        "credentials": {
          "pineconeApi": {
            "id": "PINECONE_API",
            "name": "Pinecone account"
          }
        }
      },
      {
        "parameters": {
          "name": "Pinecone"
        },
        "id": "9f02801d-d8e4-4a70-a219-ee8b2bc80dde",
        "name": "Tool",
        "type": "@n8n/n8n-nodes-langchain.toolVectorStore",
        "typeVersion": 1,
        "position": [
          480,
          -180
        ]
      },
      {
        "parameters": {},
        "id": "924d810a-70de-4310-8abe-4d7f7eed8e23",
        "name": "Memory",
        "type": "@n8n/n8n-nodes-langchain.memoryBufferWindow",
        "typeVersion": 1.3,
        "position": [
          480,
          -40
        ]
      },
      {
        "parameters": {},
        "id": "68c84590-c0d5-4b5d-8976-56afb248ece4",
        "name": "Chat",
        "type": "@n8n/n8n-nodes-langchain.lmChatOpenAi",
        "typeVersion": 1,
        "position": [
          480,
          -340
        ],
        "credentials": {
          "openAiApi": {
            "id": "OPENAI_API",
            "name": "OpenAI"
          }
        }
      },
      {
        "parameters": {
          "promptType": "define",
          "text": "={{ $json }}"
        },
        "id": "3ffa4018-e220-44b4-b7da-725aed7bcfae",
        "name": "Agent",
        "type": "@n8n/n8n-nodes-langchain.agent",
        "typeVersion": 1,
        "position": [
          760,
          -40
        ]
      },
      {
        "parameters": {
          "operation": "append",
          "documentId": "SHEET_ID",
          "sheetName": "Log"
        },
        "id": "92e93140-2890-47b1-8736-1be9a2322275",
        "name": "Sheet",
        "type": "n8n-nodes-base.googleSheets",
        "typeVersion": 4,
        "position": [
          960,
          -40
        ],
        "credentials": {
          "googleSheetsOAuth2Api": {
            "id": "SHEETS_API",
            "name": "Sheets"
          }
        }
      }
    ],
    "connections": {
      "Webhook": {
        "main": [
          [
            {
              "node": "Splitter",
              "type": "main",
              "index": 0
            },
            {
              "node": "Memory",
              "type": "main",
              "index": 0
            }
          ]
        ]
      },
      "Splitter": {
        "main": [
          [
            {
              "node": "Embeddings",
              "type": "main",
              "index": 0
            }
          ]
        ],
        "ai_textSplitter": [
          [
            {
              "node": "Insert",
              "type": "ai_textSplitter",
              "index": 0
            }
          ]
        ]
      },
      "Embeddings": {
        "ai_embedding": [
          [
            {
              "node": "Insert",
              "type": "ai_embedding",
              "index": 0
            },
            {
              "node": "Query",
              "type": "ai_embedding",
              "index": 0
            }
          ]
        ]
      },
      "Insert": {
        "ai_document": [
          []
        ]
      },
      "Query": {
        "ai_vectorStore": [
          [
            {
              "node": "Tool",
              "type": "ai_vectorStore",
              "index": 0
            }
          ]
        ]
      },
      "Tool": {
        "ai_tool": [
          [
            {
              "node": "Agent",
              "type": "ai_tool",
              "index": 0
            }
          ]
        ]
      },
      "Memory": {
        "ai_memory": [
          [
            {
              "node": "Agent",
              "type": "ai_memory",
              "index": 0
            }
          ]
        ]
      },
      "Chat": {
        "ai_languageModel": [
          [
            {
              "node": "Agent",
              "type": "ai_languageModel",
              "index": 0
            }
          ]
        ]
      },
      "Agent": {
        "main": [
          [
            {
              "node": "Sheet",
              "type": "main",
              "index": 0
            }
          ]
        ]
      }
    },
    "settings": {
      "executionOrder": "v1"
    }
  }