{
    "name": "Auto-post Blogs to LinkedIn and Twitter",
    "nodes": [
      {
        "parameters": {
          "content": "Placeholder for Auto-post Blogs to LinkedIn and Twitter",
          "height": 530,
          "width": 1100,
          "color": 5
        },
        "id": "f6b52b5b-3751-4c22-a6c1-3e5936fb322a",
        "name": "Sticky Note",
        "type": "n8n-nodes-base.stickyNote",
        "typeVersion": 1,
        "position": [
          -480,
          -240
        ]
      },
      {
        "parameters": {
          "httpMethod": "POST",
          "path": "auto-post-blogs-to-linkedin-and-twitter"
        },
        "id": "f5a15148-9af1-409b-a4ef-ad2b0e2e2f06",
        "name": "Webhook Trigger",
        "type": "n8n-nodes-base.webhook",
        "typeVersion": 1,
        "position": [
          -300,
          0
        ]
      },
      {
        "parameters": {
          "chunkSize": 400,
          "chunkOverlap": 40
        },
        "id": "121f362d-ae3a-45c8-894d-12e606dab808",
        "name": "Text Splitter",
        "type": "@n8n/n8n-nodes-langchain.textSplitterCharacterTextSplitter",
        "typeVersion": 1,
        "position": [
          -130,
          0
        ]
      },
      {
        "parameters": {
          "model": "text-embedding-3-small",
          "options": {}
        },
        "id": "6a35e11a-dd03-4d95-bcc3-f4f8c85088d5",
        "name": "Embeddings",
        "type": "@n8n/n8n-nodes-langchain.embeddingsOpenAi",
        "typeVersion": 1,
        "position": [
          70,
          0
        ],
        "credentials": {
          "openAiApi": {
            "id": "OPENAI_API",
            "name": "OpenAI"
          }
        }
      },
      {
        "parameters": {
          "mode": "insert",
          "options": {},
          "indexName": "auto-post_blogs_to_linkedin_and_twitter"
        },
        "id": "401ef38d-6acd-41cd-8ce5-3a50b8545789",
        "name": "Supabase Insert",
        "type": "@n8n/n8n-nodes-langchain.vectorStoreSupabase",
        "typeVersion": 1,
        "position": [
          270,
          0
        ],
        "credentials": {
          "supabaseApi": {
            "id": "SUPABASE_API",
            "name": "Supabase account"
          }
        }
      },
      {
        "parameters": {
          "indexName": "auto-post_blogs_to_linkedin_and_twitter"
        },
        "id": "04497ee3-b9d0-4296-8d11-c26ea24c5a19",
        "name": "Supabase Query",
        "type": "@n8n/n8n-nodes-langchain.vectorStoreSupabase",
        "typeVersion": 1,
        "position": [
          270,
          -180
        ],
        "credentials": {
          "supabaseApi": {
            "id": "SUPABASE_API",
            "name": "Supabase account"
          }
        }
      },
      {
        "parameters": {
          "name": "Supabase",
          "description": "Vector context"
        },
        "id": "cd76d86e-4c30-43bb-a0e2-baaf728f7871",
        "name": "Vector Tool",
        "type": "@n8n/n8n-nodes-langchain.toolVectorStore",
        "typeVersion": 1,
        "position": [
          450,
          -180
        ]
      },
      {
        "parameters": {},
        "id": "9f39a9d1-b9d1-42d9-b199-8256c98ba424",
        "name": "Window Memory",
        "type": "@n8n/n8n-nodes-langchain.memoryBufferWindow",
        "typeVersion": 1.3,
        "position": [
          450,
          -40
        ]
      },
      {
        "parameters": {
          "options": {}
        },
        "id": "8262b5be-0943-4a57-81d3-438502e72dca",
        "name": "Chat Model",
        "type": "@n8n/n8n-nodes-langchain.lmChatAnthropic",
        "typeVersion": 1,
        "position": [
          450,
          -340
        ],
        "credentials": {
          "anthropicApi": {
            "id": "ANTHROPIC_API",
            "name": "Anthropic"
          }
        }
      },
      {
        "parameters": {
          "promptType": "define",
          "text": "Handle data",
          "options": {
            "systemMessage": "You are an assistant for Auto-post Blogs to LinkedIn and Twitter"
          }
        },
        "id": "ef4551cd-6b4e-41ae-8688-f3119f289c8f",
        "name": "RAG Agent",
        "type": "@n8n/n8n-nodes-langchain.agent",
        "typeVersion": 1,
        "position": [
          720,
          -40
        ]
      },
      {
        "parameters": {
          "operation": "append",
          "documentId": {
            "__rl": true,
            "value": "SHEET_ID",
            "mode": "list",
            "cachedResultName": "Auto-post Blogs to LinkedIn and Twitter"
          },
          "sheetName": {
            "__rl": true,
            "value": "Log",
            "mode": "list",
            "cachedResultName": "Log"
          },
          "columns": {
            "mappingMode": "defineBelow",
            "value": "Status",
            "schema": []
          }
        },
        "id": "4ab2b12c-2228-4309-b688-e64bd895ffce",
        "name": "Append Sheet",
        "type": "n8n-nodes-base.googleSheets",
        "typeVersion": 4,
        "position": [
          930,
          -40
        ],
        "credentials": {
          "googleSheetsOAuth2Api": {
            "id": "SHEETS_API",
            "name": "Google Sheets account"
          }
        }
      },
      {
        "parameters": {
          "channel": "#alerts",
          "text": "Auto-post Blogs to LinkedIn and Twitter error: {$json.error.message}"
        },
        "id": "915205bd-7106-4a5d-9962-82a3d5292349",
        "name": "Slack Alert",
        "type": "n8n-nodes-base.slack",
        "typeVersion": 1,
        "position": [
          930,
          120
        ],
        "credentials": {
          "slackApi": {
            "id": "SLACK_API",
            "name": "Slack"
          }
        }
      }
    ],
    "connections": {
      "Webhook Trigger": {
        "main": [
          [
            {
              "node": "Text Splitter",
              "type": "main",
              "index": 0
            },
            {
              "node": "Window Memory",
              "type": "main",
              "index": 0
            }
          ]
        ]
      },
      "Text Splitter": {
        "main": [
          [
            {
              "node": "Embeddings",
              "type": "main",
              "index": 0
            }
          ]
        ],
        "ai_textSplitter": [
          [
            {
              "node": "Supabase Insert",
              "type": "ai_textSplitter",
              "index": 0
            }
          ]
        ]
      },
      "Embeddings": {
        "ai_embedding": [
          [
            {
              "node": "Supabase Insert",
              "type": "ai_embedding",
              "index": 0
            },
            {
              "node": "Supabase Query",
              "type": "ai_embedding",
              "index": 0
            }
          ]
        ]
      },
      "Supabase Insert": {
        "ai_document": [
          []
        ]
      },
      "Supabase Query": {
        "ai_vectorStore": [
          [
            {
              "node": "Vector Tool",
              "type": "ai_vectorStore",
              "index": 0
            }
          ]
        ]
      },
      "Vector Tool": {
        "ai_tool": [
          [
            {
              "node": "RAG Agent",
              "type": "ai_tool",
              "index": 0
            }
          ]
        ]
      },
      "Window Memory": {
        "ai_memory": [
          [
            {
              "node": "RAG Agent",
              "type": "ai_memory",
              "index": 0
            }
          ]
        ]
      },
      "Chat Model": {
        "ai_languageModel": [
          [
            {
              "node": "RAG Agent",
              "type": "ai_languageModel",
              "index": 0
            }
          ]
        ]
      },
      "RAG Agent": {
        "main": [
          [
            {
              "node": "Append Sheet",
              "type": "main",
              "index": 0
            }
          ]
        ],
        "onError": [
          [
            {
              "node": "Slack Alert",
              "type": "main",
              "index": 0
            }
          ]
        ]
      }
    },
    "settings": {
      "executionOrder": "v1"
    },
    "triggerCount": 1
  }